1,Noëlla,Orchart,54 Veith Parkway,rorchart0@huffingtonpost.com,Portugal
2,Célestine,Klyner,17 Dryden Circle,jklyner1@tripadvisor.com,Indonesia
3,Eliès,Catherick,5 New Castle Alley,mcatherick2@yale.edu,China
4,Audréanne,Taffurelli,3750 Blue Bill Park Avenue,ftaffurelli3@hhs.gov,France
5,Léonie,Hallows,284 Moland Avenue,whallows4@wsj.com,Indonesia
6,Félicie,Writtle,318 Haas Circle,rwrittle5@digg.com,Ukraine
7,Dorothée,Tocque,3 Hagan Point,jtocque6@woothemes.com,Armenia
8,Pål,Dyshart,43 Autumn Leaf Plaza,pdyshart7@usatoday.com,China
9,Lén,Polleye,16340 La Follette Place,epolleye8@businessinsider.com,Cuba
10,Maëlann,Bromont,82359 Sommers Circle,abromont9@example.com,Colombia
11,Léonore,Samme,556 Arizona Terrace,wsammea@stumbleupon.com,China
12,Laurélie,Filyaev,9 Eggendart Road,bfilyaevb@scribd.com,China
13,Séverine,Heathcoat,1602 Welch Way,jheathcoatc@wisc.edu,Brazil
14,Maëlann,Wilden,737 Truax Junction,hwildend@mozilla.org,Indonesia
15,Hélèna,Brooke,1068 Sherman Crossing,tbrookee@icio.us,Portugal
16,Irène,Whittuck,9630 Clarendon Court,kwhittuckf@drupal.org,China
17,Anaëlle,Trengrouse,898 Homewood Trail,otrengrouseg@dion.ne.jp,Philippines
18,Léone,Frangello,92 Bartelt Trail,dfrangelloh@examiner.com,Argentina
19,Gérald,Dwelling,21 Brown Center,jdwellingi@phoca.cz,China
20,Miléna,Thams,85049 Forest Run Court,athamsj@marketwatch.com,China
21,Cécile,Epps,6058 Dwight Crossing,teppsk@canalblog.com,Sweden
22,Maëlann,Clavering,29120 David Road,bclaveringl@china.com.cn,Brazil
23,Loïca,Leaney,68 Holy Cross Hill,eleaneym@usnews.com,China
24,Irène,Fishley,4429 Anzinger Terrace,afishleyn@imageshack.us,Cyprus
25,Wá,Cormack,0284 Anthes Park,tcormacko@dedecms.com,Cambodia
26,Bénédicte,Touzey,859 Maryland Alley,atouzeyp@google.ru,Philippines
27,Adélaïde,Grange,6 Anniversary Trail,egrangeq@accuweather.com,Mongolia
28,Dù,Castanaga,09 Harper Pass,lcastanagar@howstuffworks.com,Philippines
29,Noémie,Simonian,99 Morningstar Place,bsimonians@amazon.de,Czech Republic
30,Magdalène,Yglesias,86431 Messerschmidt Terrace,gyglesiast@istockphoto.com,China
31,Adélie,Wyman,65 Walton Road,dwymanu@infoseek.co.jp,Indonesia
32,Véronique,Glisenan,5 Arizona Crossing,eglisenanv@technorati.com,Central African Republic
33,Cinéma,Husk,33 Golf View Lane,zhuskw@booking.com,Russia
34,Almérinda,Minihane,5 Golf Drive,pminihanex@webeden.co.uk,Sweden
35,Mahélie,Tidder,56 Delaware Trail,ftiddery@dyndns.org,Nigeria
36,Célia,Sherlaw,0149 School Plaza,msherlawz@tmall.com,China
37,Yóu,Lerven,2 Scoville Road,elerven10@amazon.co.uk,Lithuania
38,Gérald,Gossipin,084 Bultman Trail,sgossipin11@bizjournals.com,Canada
39,Zhì,Currao,5702 Superior Park,scurrao12@freewebs.com,Ukraine
40,Séverine,Oboy,96555 Dixon Plaza,eoboy13@paypal.com,Thailand
41,Mélanie,Twelftree,02960 Sachtjen Alley,ptwelftree14@newsvine.com,China
42,Océane,Snepp,33 Butternut Circle,csnepp15@sourceforge.net,Greece
43,Danièle,McEnteggart,52 Saint Paul Place,omcenteggart16@imdb.com,Nigeria
44,Pélagie,Arlow,0 Briar Crest Pass,harlow17@netlog.com,Brazil
45,Marylène,Duddy,485 Delladonna Terrace,oduddy18@samsung.com,Portugal
46,Frédérique,Harrington,48 Eliot Trail,lharrington19@google.com.br,Philippines
47,Yú,Godfrey,4346 Troy Place,mgodfrey1a@unicef.org,Vietnam
48,Agnès,Batha,93 Monterey Place,kbatha1b@yandex.ru,Indonesia
49,Göran,Tomasini,38416 Rockefeller Drive,ntomasini1c@soup.io,China
50,Thérèsa,Linton,55 Granby Street,nlinton1d@nifty.com,Serbia
51,Anaël,Drife,7 Hollow Ridge Parkway,ldrife1e@ocn.ne.jp,Croatia
52,Bérengère,Cicccitti,3 Linden Street,ccicccitti1f@multiply.com,Sweden
53,Faîtes,Sackey,4046 Di Loreto Terrace,nsackey1g@dropbox.com,China
54,Anaëlle,Tenby,0 Hagan Park,mtenby1h@ibm.com,Serbia
55,Marie-hélène,Lukasen,3224 Mcguire Hill,alukasen1i@ox.ac.uk,Peru
56,Méthode,Boddymead,4 North Road,lboddymead1j@sphinn.com,United States
57,Erwéi,Berthouloume,54 Shasta Place,jberthouloume1k@last.fm,Canada
58,Maïly,Rospars,226 Chive Lane,brospars1l@studiopress.com,Bulgaria
59,Frédérique,Itzhayek,9495 Sutherland Circle,bitzhayek1m@bloomberg.com,Malaysia
60,Céline,Scorrer,059 Schlimgen Park,lscorrer1n@ucsd.edu,Poland
61,Crééz,Broschek,33 Autumn Leaf Parkway,sbroschek1o@dailymail.co.uk,Indonesia
62,Maïly,Bourthouloume,10 Maywood Place,rbourthouloume1p@squidoo.com,China
63,Médiamass,Avramovic,69294 Bluestem Way,davramovic1q@1688.com,Vietnam
64,Vénus,Phettis,27 Iowa Way,bphettis1r@mapquest.com,China
65,Lyséa,Marzele,23160 Schiller Plaza,jmarzele1s@blogger.com,South Africa
66,Faîtes,Singyard,48 Dexter Center,ksingyard1t@tinypic.com,Albania
67,Sòng,Moules,68103 Bultman Way,amoules1u@unc.edu,China
68,Valérie,Trownson,7 Logan Drive,strownson1v@flickr.com,South Africa
69,Maï,Thickett,328 Anzinger Way,dthickett1w@360.cn,Tanzania
70,Béatrice,Livzey,12421 Farwell Avenue,llivzey1x@biblegateway.com,China
71,Lóng,Brockbank,2710 Red Cloud Lane,obrockbank1y@java.com,China
72,Adélie,Highton,764 David Way,ehighton1z@deliciousdays.com,China
73,Mélinda,Wooderson,26 Coleman Way,swooderson20@ehow.com,Philippines
74,Méng,Greenlies,2 Derek Pass,rgreenlies21@storify.com,Brazil
75,Angélique,Featherstonhalgh,65 Barby Place,kfeatherstonhalgh22@ehow.com,China
76,Céline,Skettles,59105 Derek Trail,cskettles23@youku.com,China
77,Marie-noël,Rippon,53 Debs Plaza,mrippon24@imgur.com,China
78,Aurélie,Greystoke,70 Ridgeway Crossing,ggreystoke25@elpais.com,Indonesia
79,Béatrice,Hugnin,5885 Northfield Drive,shugnin26@noaa.gov,Poland
80,Ráo,Baroch,96247 Bartelt Plaza,kbaroch27@booking.com,Philippines
81,Yè,Crame,9 Hintze Pass,mcrame28@wired.com,Italy
82,Maïlys,Corton,182 Stoughton Junction,scorton29@pbs.org,France
83,Laurène,Farady,42 Southridge Trail,nfarady2a@bbb.org,China
84,Mélanie,Bow,76 Scott Plaza,sbow2b@163.com,Poland
85,Simplifiés,Gerran,264 Monterey Junction,ggerran2c@utexas.edu,United States
86,Jú,Docherty,3 Aberg Crossing,cdocherty2d@furl.net,United States
87,Fèi,Togwell,73 Fallview Plaza,btogwell2e@hud.gov,China
88,Gösta,Sweatland,6537 Division Place,osweatland2f@ustream.tv,Uganda
89,Amélie,Moffet,983 Cascade Trail,cmoffet2g@biglobe.ne.jp,Peru
90,Erwéi,Stuchburie,09185 Fordem Alley,ostuchburie2h@acquirethisname.com,China
91,Måns,Heskey,34656 Cascade Lane,aheskey2i@hugedomains.com,Kyrgyzstan
92,Sélène,Sprott,18 Texas Drive,asprott2j@g.co,Finland
93,Véronique,Tonge,488 Del Sol Parkway,dtonge2k@t.co,North Korea
94,Joséphine,Treuge,6543 Jackson Parkway,btreuge2l@state.tx.us,Brazil
95,Thérèse,Commucci,0 Miller Road,gcommucci2m@buzzfeed.com,Papua New Guinea
96,Bénédicte,Bampforth,5 Blaine Road,cbampforth2n@imageshack.us,Portugal
97,Cinéma,Blemen,03 Bonner Terrace,eblemen2o@yolasite.com,Russia
98,Pélagie,Buttwell,12 Northwestern Trail,mbuttwell2p@cpanel.net,China
99,Loïc,Poundford,785 Anzinger Trail,npoundford2q@w3.org,Brazil
100,Cléa,Aseef,55254 Talmadge Junction,baseef2r@walmart.com,Philippines
101,Léane,Pfeiffer,76571 Vernon Hill,ypfeiffer2s@about.me,Russia
102,Kù,Ruselin,23 Nevada Trail,mruselin2t@harvard.edu,Ukraine
103,Rachèle,Stickney,8134 Maple Wood Hill,bstickney2u@nyu.edu,Yemen
104,Andrée,Sandison,622 Dovetail Street,ksandison2v@cnn.com,China
105,Rachèle,Crush,6348 Comanche Street,ccrush2w@nasa.gov,Ethiopia
106,Östen,Skocroft,06 Colorado Way,rskocroft2x@zdnet.com,Bolivia
107,Illustrée,Vanne,77 Alpine Terrace,wvanne2y@techcrunch.com,Kiribati
108,Véronique,Bernardes,20628 Old Gate Parkway,hbernardes2z@mayoclinic.com,France
109,Illustrée,Benne,0 Gina Drive,rbenne30@indiegogo.com,Sweden
110,Laïla,Wollers,062 Algoma Court,lwollers31@tuttocitta.it,Malaysia
111,Torbjörn,Bust,6 School Plaza,cbust32@cargocollective.com,Philippines
112,Maïlis,Challis,2 Clyde Gallagher Court,mchallis33@imdb.com,Indonesia
113,Mégane,Sanderson,067 Mesta Road,hsanderson34@latimes.com,Indonesia
114,Miléna,Goudie,73 Green Ridge Hill,vgoudie35@constantcontact.com,United Kingdom
115,Irène,Adelman,6942 Mosinee Hill,dadelman36@histats.com,Argentina
116,Cécilia,Crossland,0487 Tennyson Place,ocrossland37@ebay.com,Indonesia
117,Lén,Clacson,360 Mayer Drive,mclacson38@sitemeter.com,Ukraine
118,Mårten,Badcock,6 Orin Place,kbadcock39@issuu.com,Armenia
119,Pål,Varley,5 Arapahoe Place,avarley3a@desdev.cn,Indonesia
120,Publicité,Caplan,3 Hallows Road,lcaplan3b@fda.gov,France
121,Märta,Rugge,90940 Roxbury Road,drugge3c@ox.ac.uk,Cuba
122,Léone,Flanne,5 Sheridan Plaza,kflanne3d@wired.com,Ecuador
123,Jú,De Beneditti,8119 Raven Center,bdebeneditti3e@ted.com,Russia
124,Yú,Keaves,423 Spenser Alley,akeaves3f@chicagotribune.com,Portugal
125,Estève,Spilling,9675 Morrow Point,mspilling3g@imageshack.us,Uganda
126,Cloé,Goldthorpe,63986 Schlimgen Road,ngoldthorpe3h@sina.com.cn,Israel
127,Joséphine,Hessenthaler,23 Claremont Drive,chessenthaler3i@feedburner.com,Philippines
128,Eléonore,Hadwick,5 Declaration Circle,khadwick3j@pagesperso-orange.fr,Poland
129,Laurélie,Adamo,51466 Bobwhite Point,radamo3k@weather.com,Armenia
130,Åslög,Edwicker,258 Nova Alley,gedwicker3l@tiny.cc,Costa Rica
131,Réjane,Pryke,79406 Miller Pass,hpryke3m@berkeley.edu,Nigeria
132,Méghane,Seson,07420 Johnson Drive,gseson3n@nytimes.com,Costa Rica
133,Maïwenn,Broadstock,4325 Elgar Point,obroadstock3o@mozilla.org,Poland
134,Gisèle,Aitken,179 Gulseth Junction,maitken3p@ameblo.jp,Philippines
135,Cécilia,Stert,56 Londonderry Road,astert3q@aboutads.info,Bosnia and Herzegovina
136,Méthode,McFarlane,5578 Darwin Circle,kmcfarlane3r@imageshack.us,Philippines
137,Célestine,Itzhaki,71 Macpherson Way,zitzhaki3s@tripod.com,Indonesia
138,Intéressant,Rossborough,1359 Gerald Crossing,arossborough3t@bloglines.com,China
139,Françoise,Minshaw,369 Colorado Place,bminshaw3u@toplist.cz,Kazakhstan
140,Östen,Fairlamb,40936 Lighthouse Bay Park,hfairlamb3v@uol.com.br,Brazil
141,Noëlla,Cosgrave,7868 Gerald Plaza,lcosgrave3w@youtu.be,China
142,Anaïs,Vile,4 Swallow Pass,lvile3x@ed.gov,Mexico
143,Gaëlle,Python,50 Declaration Street,dpython3y@illinois.edu,China
144,Géraldine,Parfitt,95 Hoepker Way,tparfitt3z@oracle.com,Mozambique
145,Aí,Bolens,722 Green Ridge Road,rbolens40@netlog.com,Russia
146,Bérénice,Sture,32 Fulton Court,asture41@phoca.cz,Vietnam
147,Mélys,Carabet,340 Golf Center,gcarabet42@reverbnation.com,Brazil
148,Dà,Taggart,7 Manitowish Hill,ttaggart43@hhs.gov,Czech Republic
149,Ráo,Cradick,82547 Bluestem Road,mcradick44@dropbox.com,Japan
150,Gaëlle,Lyle,41 Di Loreto Point,ilyle45@npr.org,Brazil
151,Léana,Klossek,54 Menomonie Center,kklossek46@biblegateway.com,Poland
152,Björn,Skillern,23 Roxbury Plaza,oskillern47@xinhuanet.com,Philippines
